модель,цена,фото,описание
Chevrolet Evanda,$ 3 200,https://im.mashina.kg/tachka/images//d/e/a/dea2ffd33c7ae99fd9af8669ae780b7b_240x180.jpg,"2005 г., 2 л., автомат                     седан, бензин              руль слева, 260 000 км"
Chevrolet Aveo,$ 3 774,https://im.mashina.kg/tachka/images//e/4/b/e4b90872063f9c782a19da8546078334_240x180.jpg,"2006 г., 1.4 л., механика                     седан, бензин              руль слева"
Chevrolet Bolt,$ 16 880,https://im.mashina.kg/tachka/images//2/4/9/2498c50aa5356ee570c17e66febc5d0f_240x180.jpg,"2016 г., автомат                     хэтчбек 5 дв., электро              руль слева, 141 012 км"
Chevrolet Malibu,$ 14 980,https://im.mashina.kg/tachka/images//5/9/b/59bd384a88ef6a25d0e8415c11f8a113_240x180.jpg,"2018 г., 2 л., автомат                     седан, бензин              руль слева, 138 000 км"
Chevrolet Lacetti,$ 3 774,https://im.mashina.kg/tachka/images//7/7/3/7736abc60cfe19d24e223ab26eae69b5_240x180.jpg,"2008 г., 1.6 л., механика                     седан, бензин              руль слева, 120 000 км"
Chevrolet Camaro,$ 16 500,https://im.mashina.kg/tachka/images//0/3/9/0398bc0af9cebc8e8852e023d7d2fe3c_240x180.jpg,"2016 г., 3.6 л., автомат                     купе, бензин              руль слева"
Chevrolet Lacetti,$ 3 538,https://im.mashina.kg/tachka/images//2/4/a/24ae5d2f2df5a54a57d6710842daad54_240x180.jpg,"2004 г., 1.6 л., механика                     седан, бензин              руль слева, 134 000 км"
Chevrolet Blazer,$ 3 500,https://im.mashina.kg/tachka/images//1/8/2/182641737441fb208dc69529598331f0_240x180.jpg,"2002 г., 4.3 л., автомат                     внедорожник 5 дв., бензин              руль справа, 220 000 км"
Chevrolet Lacetti,$ 3 538,https://im.mashina.kg/tachka/images//8/4/7/84748c2b16f847862b796c4fcca2787c_240x180.jpg,"2010 г., 1.6 л., механика                     универсал, бензин              руль слева, 150 000 км"
Chevrolet Matiz,$ 3 656,https://im.mashina.kg/tachka/images//0/f/5/0f5572038607721b995e4dc323c285d8_240x180.jpg,"2007 г., 1 л., механика                     хэтчбек/лифтбек, бензин              руль слева, 190 300 км"
Chevrolet Spark,$ 4 481,https://im.mashina.kg/tachka/images//7/7/9/779754cb3c1fbb94ccd6061d93290935_240x180.jpg,"2011 г., 1 л., механика                     хэтчбек 5 дв., бензин              руль слева, 158 000 км"
Chevrolet Matiz,$ 3 538,https://im.mashina.kg/tachka/images//e/2/3/e23c34715fb3bda020be8b4bc1e2071b_240x180.jpg,"2008 г., 0.8 л., механика                     хэтчбек/лифтбек, бензин              руль слева, 225 271 км"
Chevrolet Lacetti,$ 3 597,https://im.mashina.kg/tachka/images//0/9/c/09c04df94f1d658397fd76ca8259de24_240x180.jpg,"2006 г., 1.6 л., механика                     седан, бензин              руль слева, 200 000 км"
Chevrolet Nexia,$ 12 600,https://im.mashina.kg/tachka/images//9/0/b/90b06c6ac0651d10eec74393b092b5f9_240x180.jpg,"2021 г., 1.5 л., автомат                     седан, бензин              руль слева   новый"
Chevrolet Spark,$ 6 900,https://im.mashina.kg/tachka/images//f/0/e/f0e7cee3c3ad127ae9315c9a2334a5d0_240x180.jpg,"2016 г., 0.8 л., автомат                     хэтчбек 5 дв., бензин              руль слева, 99 300 км"
Chevrolet Spark,$ 11 150,https://im.mashina.kg/tachka/images//9/9/9/999256fc32d75357bf14c9e7978f0e4e_240x180.jpg,"2021 г., 1.2 л., автомат                     хэтчбек 5 дв., бензин              руль слева   новый"
Chevrolet Spark,$ 11 150,https://im.mashina.kg/tachka/images//1/a/6/1a6faddb76c9ef4e19aa51dfdd387152_240x180.jpg,"2021 г., 1.2 л., автомат                     хэтчбек 5 дв., бензин              руль слева   новый"
Chevrolet Cobalt,$ 13 700,https://im.mashina.kg/tachka/images//6/2/7/627140d4fd4fd7ad666cf7e574971dde_240x180.jpg,"2021 г., 1.5 л., автомат                     седан, бензин              руль слева   новый"
Chevrolet Spark,$ 11 300,https://im.mashina.kg/tachka/images//4/1/b/41bc7a02463221ba497cb788b4c3c02c_240x180.jpg,"2021 г., 1.2 л., автомат                     хэтчбек 5 дв., бензин              руль слева   новый"
Chevrolet Cobalt,$ 13 700,https://im.mashina.kg/tachka/images//5/9/e/59e690eb2d22c7a0a4eba7cf9cdfa11a_240x180.jpg,"2021 г., 1.5 л., автомат                     седан, бензин              руль слева   новый"
Chevrolet Spark,$ 5 542,https://im.mashina.kg/tachka/images//f/4/d/f4d50fd5e062138d018be6116c001caa_240x180.jpg,"2010 г., 1 л., автомат                     хэтчбек 5 дв., бензин              руль слева"
Chevrolet Aveo,$ 3 600,https://im.mashina.kg/tachka/images//4/2/a/42a6921ffb428d52ffba97d5472bc9ff_240x180.jpg,"2006 г., 1.4 л., механика                     седан, бензин              руль слева, 306 000 км"
Chevrolet Spark,$ 5 600,https://im.mashina.kg/tachka/images//0/6/6/066bc61a2470839e08774e02cb15077e_240x180.jpg,"2009 г., 1 л., автомат                     хэтчбек 5 дв., бензин              руль слева, 150 577 км"
Chevrolet Traverse,$ 24 900,https://im.mashina.kg/tachka/images//e/b/9/eb9328a5a432d65edf39a1dae46bc0ec_240x180.jpg,"2020 г., 3.6 л., автомат                     внедорожник 5 дв., бензин              руль слева, 12 500 км"
Chevrolet Camaro,$ 29 000,https://im.mashina.kg/tachka/images//3/3/8/3386b292de9113c425edfe9b60a0627a_240x180.jpg,"2016 г., 6.2 л., автомат                     купе, бензин              руль слева, 86 100 км"
Chevrolet Aveo,$ 3 656,https://im.mashina.kg/tachka/images//1/0/9/1099c57efc45e341a983f7222eee0787_240x180.jpg,"2007 г., 1.2 л., механика                     седан, бензин              руль слева"
Chevrolet Malibu,$ 12 000,https://im.mashina.kg/tachka/images//f/3/b/f3b3c8f66a5c5468288a19e2c1875284_240x180.jpg,"2015 г., 2.5 л., автомат                     седан, бензин              руль слева, 170 000 км"
Chevrolet TrailBlazer,$ 9 300,https://im.mashina.kg/tachka/images//b/0/d/b0de2437a473c103d08257103d585236_240x180.jpg,"2008 г., 4.2 л., автомат                     внедорожник 5 дв., бензин              руль слева, 130 000 км"
Chevrolet Astro,$ 7 200,https://im.mashina.kg/tachka/images//6/9/5/69550973a0d190aec8a48ac6aeae092d_240x180.jpg,"1988 г., 4.3 л., автомат                     минивэн, бензин              руль слева"
Chevrolet Lacetti,$ 5 800,https://im.mashina.kg/tachka/images//e/1/2/e1206f8ccc3f4176485d370bfa0e5d71_240x180.jpg,"2007 г., 1.6 л., автомат                     хэтчбек 5 дв., бензин              руль слева, 144 253 км"
Chevrolet Aveo,$ 5 300,https://im.mashina.kg/tachka/images//0/a/4/0a4b98402c1c8c3eaae2e7621a082c05_240x180.jpg,"2010 г., 1.2 л., механика                     хэтчбек 5 дв., бензин              руль слева, 120 000 км"
Chevrolet Spark,$ 5 800,https://im.mashina.kg/tachka/images//8/0/7/8070a692f2bcf2aaf7ca4c74f60b9d71_240x180.jpg,"2010 г., 1 л., автомат                     хэтчбек 5 дв., бензин              руль слева, 190 000 км"
Chevrolet Lacetti,$ 3 420,https://im.mashina.kg/tachka/images//6/0/a/60a5204df328ddefa83c92618c2c2a2a_240x180.jpg,"2008 г., 1.4 л., механика                     седан, бензин              руль слева"
Chevrolet Cruze,$ 5 012,https://im.mashina.kg/tachka/images//1/1/0/1107104d5d1b3feee198f0c1f21c6c67_240x180.jpg,"2011 г., 1.6 л., механика                     седан, бензин              руль слева, 225 000 км"
Chevrolet Aveo,$ 4 127,https://im.mashina.kg/tachka/images//2/a/c/2acc26247ce5c267963258a785c45099_240x180.jpg,"2008 г., 1.4 л., механика                     седан, бензин              руль слева, 156 000 км"
Chevrolet Volt,$ 19 300,https://im.mashina.kg/tachka/images//d/0/d/d0d29f54313eb9bfb19408e52eb2efc2_240x180.jpg,"2017 г., 1.5 л., вариатор                     хэтчбек 5 дв., гибрид              руль слева, 100 000 км"
Chevrolet Aveo,$ 3 066,https://im.mashina.kg/tachka/images//3/3/8/3389021addd67ab6f3ff067e34095509_240x180.jpg,"2010 г., 1.4 л., механика                     седан, бензин              руль слева"
Chevrolet Kalos,$ 3 550,https://im.mashina.kg/tachka/images//0/3/b/03be519d8ed477fc0729c7b096ec23a6_240x180.jpg,"2007 г., 1.2 л., механика                     хэтчбек 5 дв., бензин              руль слева, 200 200 км"
Chevrolet Lanos,$ 3 243,https://im.mashina.kg/tachka/images//8/2/9/82942b3927c368d898574242f4cffa8a_240x180.jpg,"2009 г., 1.5 л., механика                     седан, бензин              руль слева, 220 000 км"
Chevrolet Spark,$ 6 200,https://im.mashina.kg/tachka/images//2/f/6/2f6291d8f9ccba0d3459119321c309a4_240x180.jpg,"2012 г., 1 л., автомат                     хэтчбек 5 дв., бензин              руль слева, 103 000 км"
Chevrolet Cruze,$ 5 900,https://im.mashina.kg/tachka/images//7/e/5/7e56ddb8a8472c21cfd35722275a4c34_240x180.jpg,"2014 г., 1.6 л., автомат                     седан, бензин              руль слева, 230 000 км"
Chevrolet Spark,$ 7 500,https://im.mashina.kg/tachka/images//d/b/5/db59cad0a13aad24c3f2f79d7e1f719d_240x180.jpg,"2015 г., 1 л., автомат                     хэтчбек 5 дв., бензин              руль слева, 72 100 км"
Chevrolet Spark,$ 4 009,https://im.mashina.kg/tachka/images//d/5/6/d568a7230f63bc342654c8e47376046c_240x180.jpg,"2008 г., 0.8 л., автомат                     хэтчбек 5 дв., бензин              руль слева, 180 000 км"
Chevrolet Spark,$ 3 302,https://im.mashina.kg/tachka/images//3/7/a/37af2da74d39159423e16881caa0d6a6_240x180.jpg,"2007 г., 0.8 л., механика                     хэтчбек 5 дв., бензин              руль слева, 232 750 км"
Chevrolet Spark,$ 6 300,https://im.mashina.kg/tachka/images//6/c/6/6c66fa37228435b5f825428e1ab3cdf0_240x180.jpg,"2014 г., 1 л., автомат                     хэтчбек 5 дв., бензин              руль слева"
Chevrolet Lacetti,$ 3 300,https://im.mashina.kg/tachka/images//7/a/e/7ae0be21b377e8337168a280adb5b745_240x180.jpg,"2011 г., 1.6 л., механика                     седан, бензин              руль слева, 218 000 км"
Chevrolet Aveo,$ 3 538,https://im.mashina.kg/tachka/images//7/e/9/7e9077c5b77f27a966defb1046c3c3e7_240x180.jpg,"2005 г., 1.4 л., механика                     хэтчбек 5 дв., бензин              руль слева, 320 000 км"
Chevrolet Lacetti,$ 3 656,https://im.mashina.kg/tachka/images//c/6/a/c6a7a6a3bdeb4f9d3df8e99cd5c3bcbe_240x180.jpg,"2010 г., 1.6 л., механика                     седан, бензин              руль слева, 150 000 км"
Chevrolet Kalos,$ 2 594,https://im.mashina.kg/tachka/images//e/5/2/e52f065f2e252da49c4f671bec315043_240x180.jpg,"2006 г., 1.2 л., механика                     хэтчбек 5 дв., бензин              руль слева, 312 650 км"
Chevrolet Aveo,$ 3 538,https://im.mashina.kg/tachka/images//d/7/8/d780d72a37991601a7382b41ca65881a_240x180.jpg,"2011 г., 1.2 л., механика                     седан, бензин              руль слева, 159 985 км"
Chevrolet Lacetti,$ 2 889,https://im.mashina.kg/tachka/images//d/d/8/dd897106ae27cf5366c3119da4c88062_240x180.jpg,"2007 г., 1.4 л., механика                     седан, бензин              руль слева, 180 000 км"
Chevrolet Matiz,$ 3 184,https://im.mashina.kg/tachka/images//e/5/d/e5dd552b90964b7840bd747baad7f91a_240x180.jpg,"2005 г., 0.8 л., механика                     хэтчбек/лифтбек, бензин              руль слева, 187 146 км"
Chevrolet Tracker,$ 14 000,https://im.mashina.kg/tachka/images//8/1/4/8145bab4e0c2592bfed92ca5848cd5a8_240x180.jpg,"2015 г., 1.8 л., автомат                     внедорожник 5 дв., бензин              руль слева, 156 494 км"
Chevrolet Cruze,$ 5 189,https://im.mashina.kg/tachka/images//2/4/4/24432b3728df85643ca7bf7a7cdbccf2_240x180.jpg,"2012 г., 1.6 л., автомат                     хэтчбек 5 дв., бензин              руль слева, 150 000 км"
Chevrolet Spark,$ 8 300,https://im.mashina.kg/tachka/images//3/e/8/3e86a07e7af5b7698e6b551bac70731f_240x180.jpg,"2016 г., 1.4 л., вариатор                     хэтчбек 5 дв., бензин              руль слева, 83 500 км"
Chevrolet Spark,$ 6 700,https://im.mashina.kg/tachka/images//f/d/8/fd86310a4ea6588e5faa05ad5fbd11d8_240x180.jpg,"2012 г., 1 л., автомат                     хэтчбек 5 дв., бензин              руль слева, 265 875 км"
Chevrolet Lacetti,$ 3 892,https://im.mashina.kg/tachka/images//8/0/f/80f950a54013b43b7e9e6fae5809f473_240x180.jpg,"2008 г., 1.6 л., механика                     седан, бензин              руль слева, 255 000 км"
Chevrolet Malibu,$ 12 900,https://im.mashina.kg/tachka/images//f/f/6/ff683c42a1b99eb98f2d2866b2f80846_240x180.jpg,"2016 г., 1.5 л., автомат                     седан, бензин              руль слева, 80 000 км"
Chevrolet Lacetti,$ 3 656,https://im.mashina.kg/tachka/images//8/9/d/89d346446d0a207d20422f85dffe8994_240x180.jpg,"2008 г., 1.6 л., механика                     седан, бензин              руль слева, 256 000 км"
Chevrolet Spark,$ 6 300,https://im.mashina.kg/tachka/images//d/e/c/dec778e59bb15457dda8f8637816ace1_240x180.jpg,"2014 г., 1 л., автомат                     хэтчбек 5 дв., бензин              руль слева, 90 000 км"
Chevrolet Matiz,$ 4 481,https://im.mashina.kg/tachka/images//c/f/2/cf2b348dd0cd0adcda7f1fd7fe71c5b9_240x180.jpg,"2008 г., 1 л., механика                     хэтчбек/лифтбек, бензин              руль слева, 165 000 км"
Chevrolet Lacetti,$ 2 948,https://im.mashina.kg/tachka/images//f/0/f/f0f2b21dbf1f63cb101fa4dfc3bc8c95_240x180.jpg,"2006 г., 1.6 л., механика                     седан, бензин              руль слева, 350 000 км"
Chevrolet Lacetti,$ 4 304,https://im.mashina.kg/tachka/images//2/2/c/22c63460d75a775df6edd6208f67f815_240x180.jpg,"2005 г., 1.6 л., механика                     универсал, бензин              руль слева, 177 777 км"
Chevrolet Lanos,$ 1 651,https://im.mashina.kg/tachka/images//b/f/6/bf6a026496c6baca63391f4cd7c7cc80_240x180.jpg,"2006 г., 1.5 л., механика                     седан, бензин              руль слева"
Chevrolet Spark,$ 5 307,https://im.mashina.kg/tachka/images//a/f/6/af696266f8f7f0b5dbc66db6ddcba1ff_240x180.jpg,"2010 г., 1 л., механика                     хэтчбек 5 дв., бензин              руль слева, 99 000 км"
Chevrolet Cruze,$ 6 000,https://im.mashina.kg/tachka/images//f/4/3/f43cb05427b377a8b2360765b4299199_240x180.jpg,"2012 г., 1.8 л., автомат                     седан, бензин              руль слева, 185 000 км"
Chevrolet Spark,$ 3 302,https://im.mashina.kg/tachka/images//3/b/e/3bea617c5deac902c3dd6584742bd6fa_240x180.jpg,"2008 г., 0.8 л., механика                     хэтчбек 5 дв., бензин              руль слева"
Chevrolet Suburban,$ 14 500,https://im.mashina.kg/tachka/images//f/d/0/fd0cd717cdf24fb02e60aabe125569e1_240x180.jpg,"2010 г., 6 л., автомат                     внедорожник 5 дв., бензин              руль слева, 200 000 км"
Chevrolet Lacetti,$ 3 700,https://im.mashina.kg/tachka/images//b/5/7/b5787601ca2f16633b4f459cf31690f0_240x180.jpg,"2007 г., 1.6 л., механика                     седан, бензин              руль слева"
Chevrolet Camaro,$ 31 000,https://im.mashina.kg/tachka/images//9/c/5/9c5c0e0a64f238a2ea67334731c69f52_240x180.jpg,"2014 г., 3.6 л., автомат                     купе, бензин              руль слева, 60 000 км"
Chevrolet Spark,$ 6 100,https://im.mashina.kg/tachka/images//8/6/f/86f603ddf867eb6c0dd6647e6b924d6a_240x180.jpg,"2014 г., 1 л., автомат                     хэтчбек 5 дв., бензин              руль слева, 108 000 км"
Chevrolet Spark,$ 6 700,https://im.mashina.kg/tachka/images//e/a/7/ea7ed73746529545b65558a8358db6a4_240x180.jpg,"2016 г., 0.8 л., автомат                     хэтчбек 5 дв., бензин              руль слева, 68 000 км"
Chevrolet Spark,$ 5 660,https://im.mashina.kg/tachka/images//2/d/c/2dcc2a711ce9e9510332aff718edd84b_240x180.jpg,"2012 г., 1 л., автомат                     хэтчбек 5 дв., бензин              руль слева, 168 000 км"
Chevrolet Camaro,$ 22 500,https://im.mashina.kg/tachka/images//d/b/7/db768dfcf4f015bb5f0a8d9bc484cf5f_240x180.jpg,"2012 г., 3.6 л., автомат                     купе, бензин              руль слева"
Chevrolet Malibu,$ 16 800,https://im.mashina.kg/tachka/images//5/1/6/516e7dd106b8fd7b0c4c6cbd890b1444_240x180.jpg,"2016 г., 2 л., автомат                     седан, бензин              руль слева, 145 000 км"
Chevrolet Epica,$ 4 245,https://im.mashina.kg/tachka/images//d/3/f/d3f81aedf1a37a2c1cd2e9b408bfb440_240x180.jpg,"2007 г., 2.5 л., автомат                     седан, бензин              руль слева, 180 000 км"
Chevrolet Aveo,$ 2 948,https://im.mashina.kg/tachka/images//9/2/f/92f8a772131293981619fd105c8f7b2f_240x180.jpg,"2010 г., 1.2 л., механика                     седан, бензин              руль слева, 157 400 км"
Chevrolet Matiz,$ 3 278,https://im.mashina.kg/tachka/images//5/6/1/5617b8838dd45d629683bb0479687cbb_240x180.jpg,"2006 г., 1 л., механика                     хэтчбек/лифтбек, бензин              руль слева"
Chevrolet Camaro,$ 19 000,https://im.mashina.kg/tachka/images//5/2/6/52652ea1f9738eba942436427a5145aa_240x180.jpg,"2011 г., 3.6 л., автомат                     купе, бензин              руль слева"
Chevrolet Lacetti,$ 3 999,https://im.mashina.kg/tachka/images//3/4/0/3406e9f705f70dfc115be459c9b94c4b_240x180.jpg,"2006 г., 1.8 л., механика                     универсал, бензин              руль слева, 300 000 км"
Chevrolet Lacetti,$ 4 245,https://im.mashina.kg/tachka/images//b/6/3/b630d9ac06bcda2564ba641515b5670a_240x180.jpg,"2006 г., 1.6 л., механика                     седан, бензин              руль слева"
Chevrolet Lacetti,$ 4 363,https://im.mashina.kg/tachka/images//c/a/4/ca427f175b7015adb4fc8ee7044b6692_240x180.jpg,"2004 г., 1.6 л., автомат                     седан, бензин              руль слева"
Chevrolet Matiz,$ 3 066,https://im.mashina.kg/tachka/images//8/f/1/8f1573a7e2e1952cf793c264bcb825be_240x180.jpg,"2007 г., 0.8 л., механика                     хэтчбек/лифтбек, бензин              руль слева"
Chevrolet Spark,$ 3 302,https://im.mashina.kg/tachka/images//a/e/c/aec7161d64feb8461d6b3b7076ff36e5_240x180.jpg,"2005 г., 1 л., механика                     хэтчбек 5 дв., бензин              руль слева, 125 000 км"
Chevrolet Lanos,$ 2 476,https://im.mashina.kg/tachka/images//5/d/7/5d76f37745b249dddf714c9f77eefead_240x180.jpg,"2007 г., 1.5 л., механика                     седан, бензин              руль слева, 230 000 км"
Chevrolet Lacetti,$ 4 481,https://im.mashina.kg/tachka/images//5/4/5/545cd9b9cbbe582039769b2d151a9645_240x180.jpg,"2004 г., 1.8 л., механика                     седан, бензин              руль слева, 280 000 км"
Chevrolet Volt,$ 14 600,https://im.mashina.kg/tachka/images//7/a/e/7ae26376458da1ca6ea18a1ef8487347_240x180.jpg,"2015 г., 1.4 л., вариатор                     хэтчбек 5 дв., гибрид              руль слева, 162 375 км"
Chevrolet Matiz,$ 3 774,https://im.mashina.kg/tachka/images//d/a/e/dae4e82b224c1bccd7c3905411a00d87_240x180.jpg,"2009 г., 0.8 л., автомат                     хэтчбек/лифтбек, бензин              руль слева, 94 850 км"
Chevrolet Malibu,$ 13 500,https://im.mashina.kg/tachka/images//5/1/3/51312c68f40b7180749d3e7153834908_240x180.jpg,"2017 г., 1.5 л., автомат                     седан, бензин              руль слева, 143 500 км"
Chevrolet Lacetti,$ 4 599,https://im.mashina.kg/tachka/images//9/8/0/980125c034ed6ddd720878c38e4af40a_240x180.jpg,"2005 г., 1.8 л., механика                     универсал, бензин              руль слева"
Chevrolet Lacetti,$ 4 481,https://im.mashina.kg/tachka/images//a/b/5/ab5d47e020b143a9fd366db57cf1184e_240x180.jpg,"2007 г., 1.6 л., механика                     универсал, бензин              руль слева, 192 000 км"
Chevrolet Matiz,$ 2 948,https://im.mashina.kg/tachka/images//3/5/e/35e4c58e4e873998fcfa9de4cc2a3c2c_240x180.jpg,"2005 г., 1 л., механика                     хэтчбек/лифтбек, бензин              руль слева, 215 000 км"
Chevrolet Camaro,$ 17 000,https://im.mashina.kg/tachka/images//5/1/1/51108554c04d6fe0c65eca086f13dd08_240x180.jpg,"2009 г., 3.6 л., автомат                     купе, бензин              руль слева, 150 000 км"
Chevrolet Matiz,$ 5 071,https://im.mashina.kg/tachka/images//4/d/8/4d848c4dfcc5b825abedc333b92fa870_240x180.jpg,"2008 г., 0.8 л., автомат                     хэтчбек/лифтбек, бензин              руль слева"
Chevrolet Spark,$ 7 000,https://im.mashina.kg/tachka/images//e/c/5/ec5e171eab1e535d697726f8a7acafca_240x180.jpg,"2017 г., 0.8 л., автомат                     хэтчбек 5 дв., бензин              руль слева, 34 000 км"
Chevrolet Spark,$ 2 948,https://im.mashina.kg/tachka/images//5/5/f/55f777a14d7b1177790c4e8d5d9580c3_240x180.jpg,"2005 г., 0.8 л., механика                     хэтчбек 5 дв., бензин              руль слева, 301 690 км"
Chevrolet Spark,$ 3 538,https://im.mashina.kg/tachka/images//9/a/1/9a13866cb275f3a310e573ca15ba5b95_240x180.jpg,"2007 г., 0.8 л., механика                     хэтчбек 5 дв., бензин              руль слева, 127 000 км"
Chevrolet Aveo,$ 3 302,https://im.mashina.kg/tachka/images//7/f/6/7f6d4b72df3cecb3bdb3236da1400204_240x180.jpg,"2010 г., 1.4 л., механика                     седан, бензин              руль слева, 256 000 км"
Chevrolet Niva,$ 3 500,https://im.mashina.kg/tachka/images//4/6/b/46bd8eb7ef9c003a5739815e4440ac59_240x180.jpg,"2010 г., 1.7 л., механика                     внедорожник 5 дв., бензин              руль слева, 53 000 км"
Chevrolet Lacetti,$ 3 538,https://im.mashina.kg/tachka/images//3/7/8/37853370ee38daed2da9fdb7cda39e75_240x180.jpg,"2004 г., 1.6 л., механика                     седан, бензин              руль слева, 300 000 км"
Chevrolet Matiz,$ 3 538,https://im.mashina.kg/tachka/images//a/9/a/a9a64e91312cd0a363bef2d98e58395e_240x180.jpg,"2007 г., 0.8 л., механика                     хэтчбек/лифтбек, бензин              руль слева"
Chevrolet Cobalt,$ 9 999,https://im.mashina.kg/tachka/images//d/7/a/d7acde633fecf456733e567c48906763_240x180.jpg,"2017 г., 1.5 л., автомат                     седан, бензин              руль слева, 26 000 км"
Chevrolet Niva,$ 3 538,https://im.mashina.kg/tachka/images//0/f/5/0f5475027989d456ffaa8929665b3706_240x180.jpg,"2005 г., 1.7 л., механика                     внедорожник 5 дв., бензин              руль слева"
Chevrolet Captiva,$ 8 000,https://im.mashina.kg/tachka/images//d/1/c/d1ca49cd42389fb18607ee48df386f83_240x180.jpg,"2008 г., 2 л., автомат                     внедорожник 5 дв., дизель              руль слева, 200 000 км"
Chevrolet Lacetti,$ 3 600,https://im.mashina.kg/tachka/images//b/6/3/b634a7cf77827268f951a78ecb0e1474_240x180.jpg,"2008 г., 1.6 л., механика                     хэтчбек 5 дв., бензин              руль слева"
Chevrolet Aveo,$ 4 800,https://im.mashina.kg/tachka/images//f/d/4/fd418646dcb4e005cc0e1a10587c1117_240x180.jpg,"2006 г., 1.4 л., автомат                     седан, бензин              руль слева, 210 000 км"
Chevrolet Spark,$ 8 400,https://im.mashina.kg/tachka/images//5/d/a/5dad20ddd18b00a96770268770909141_240x180.jpg,"2016 г., 0.8 л., автомат                     хэтчбек 5 дв., бензин              руль слева, 137 000 км"
Chevrolet Malibu,$ 8 500,https://im.mashina.kg/tachka/images//f/7/8/f784738748f9a719ca143d682f6e0d94_240x180.jpg,"2016 г., 1.5 л., автомат                     седан, бензин              руль слева, 90 000 км"
Chevrolet Spark,$ 11 150,https://im.mashina.kg/tachka/images//b/a/d/bad8e3cfb583e18c33ecd898d1cdf1c2_240x180.jpg,"2021 г., 0.8 л., автомат                     хэтчбек 5 дв., бензин              руль слева"
Chevrolet Spark,$ 11 300,https://im.mashina.kg/tachka/images//c/9/e/c9e4b9fda10a682edb7dbc9e34235db3_240x180.jpg,"2021 г., 0.8 л., автомат                     хэтчбек 5 дв., бензин              руль слева"
Chevrolet Captiva,$ 10 000,https://im.mashina.kg/tachka/images//0/0/0/0008cc78255c8b105c3120f144ecd82a_240x180.jpg,"2008 г., 2.4 л., автомат                     внедорожник 5 дв., бензин              руль слева, 220 125 км"
Chevrolet Impala,$ 20 000,https://im.mashina.kg/tachka/images//6/b/9/6b96121591a9dc196a0a4035fb56b269_240x180.jpg,"2016 г., 2.5 л., автомат                     седан, бензин              руль слева"
Chevrolet Spark,$ 7 300,https://im.mashina.kg/tachka/images//e/9/b/e9b0a3fbd78dea34b29507fd54e12b60_240x180.jpg,"2017 г., 0.8 л., автомат                     хэтчбек 5 дв., бензин              руль слева, 29 000 км"
Chevrolet Spark,$ 6 600,https://im.mashina.kg/tachka/images//5/2/3/5238e2a26a9b9427621e3551ca2103b0_240x180.jpg,"2013 г., 1 л., автомат                     хэтчбек 5 дв., бензин              руль слева"
Chevrolet Lacetti,$ 4 127,https://im.mashina.kg/tachka/images//d/6/2/d627bb77a27e0977a224c06419088278_240x180.jpg,"2008 г., 1.6 л., механика                     седан, бензин              руль слева, 297 000 км"
Chevrolet Lacetti,$ 4 127,https://im.mashina.kg/tachka/images//b/7/2/b72036f05d9ad8f01c362b9d8f7b13c9_240x180.jpg,"2009 г., 1.6 л., механика                     седан, бензин              руль слева"
Chevrolet Cobalt,$ 5 700,https://im.mashina.kg/tachka/images//1/3/8/13849d04de33e5c819db3756c313e362_240x180.jpg,"2013 г., 1.5 л., механика                     седан, бензин              руль слева, 18 525 км"
Chevrolet Lacetti,$ 3 302,https://im.mashina.kg/tachka/images//8/0/8/80810ae3d2b11aa52cd6ff447904c9e8_240x180.jpg,"2008 г., 1.8 л., механика                     универсал, бензин              руль слева, 300 000 км"
Chevrolet Spark,$ 6 500,https://im.mashina.kg/tachka/images//e/1/b/e1b349551b838c439152a5c093d4084c_240x180.jpg,"2017 г., 0.8 л., автомат                     хэтчбек 5 дв., бензин              руль слева, 96 000 км"
Chevrolet Lanos,$ 1 946,https://im.mashina.kg/tachka/images//2/7/9/279de0c0239d81eeb800f4e35d1cade9_240x180.jpg,"2009 г., 1.5 л., механика                     седан, бензин              руль слева"
Chevrolet Aveo,$ 3 184,https://im.mashina.kg/tachka/images//2/3/c/23c4ca40ff21aa01b655ae27ba47f638_240x180.jpg,"2006 г., 1.2 л., механика                     седан, бензин              руль слева, 217 830 км"
Chevrolet Aveo,$ 3 302,https://im.mashina.kg/tachka/images//5/6/8/568c2dbb01fc22af81bde1396b3db384_240x180.jpg,"2011 г., 1.2 л., механика                     седан, бензин              руль слева"
Chevrolet Matiz,$ 2 358,https://im.mashina.kg/tachka/images//4/d/2/4d2456153fb8dde0362ea8daa4c83c5b_240x180.jpg,"2005 г., 0.8 л., автомат                     хэтчбек/лифтбек, бензин              руль слева"
Chevrolet Nexia,$ 10 000,фото не было загружено,"2021 г., 1.5 л., механика                     седан, бензин              руль слева, 30 000 км"
Chevrolet Lacetti,$ 2 948,https://im.mashina.kg/tachka/images//2/f/1/2f18e41871c77af745a49710426e278a_240x180.jpg,"2008 г., 1.6 л., механика                     седан, бензин              руль слева"
Chevrolet Matiz,$ 3 302,https://im.mashina.kg/tachka/images//5/e/c/5ec512ebfa1d0017eff533df0715f0ba_240x180.jpg,"2009 г., 0.8 л., механика                     хэтчбек/лифтбек, бензин              руль слева, 150 000 км"
Chevrolet Lacetti,$ 2 900,https://im.mashina.kg/tachka/images//b/9/3/b93dd61ce4f8decf2034cdd1c84642c0_240x180.jpg,"2010 г., 1.6 л., механика                     универсал, бензин              руль слева, 220 852 км"
Chevrolet Epica,$ 4 363,https://im.mashina.kg/tachka/images//9/8/2/9825879d46a4bf48813aa53c3b06348e_240x180.jpg,"2006 г., 2.5 л., автомат                     седан, бензин              руль слева, 280 000 км"
Chevrolet Cruze,$ 5 307,https://im.mashina.kg/tachka/images//b/c/2/bc2b72502f24458045b524c83340dfa9_240x180.jpg,"2011 г., 1.6 л., механика                     седан, бензин              руль слева"
Chevrolet Cobalt,$ 5 000,фото не было загружено,"2021 г., 1.5 л., механика                     седан, бензин              руль справа, 220 000 км"
Chevrolet Lacetti,$ 4 245,https://im.mashina.kg/tachka/images//1/e/0/1e0f1297e44eb07957bdac8c0f58dca1_240x180.jpg,"2006 г., 1.6 л., механика                     хэтчбек 5 дв., бензин              руль слева, 180 000 км"
Chevrolet Matiz,$ 3 300,https://im.mashina.kg/tachka/images//9/b/5/9b5b701f759039ba21746d572704493e_240x180.jpg,"2006 г., 0.8 л., механика                     хэтчбек/лифтбек, бензин              руль слева"
Chevrolet Cobalt,$ 4 953,https://im.mashina.kg/tachka/images//4/8/5/485a86d31e44a8db846d69499b4668f9_240x180.jpg,"2014 г., 1.5 л., механика                     седан, бензин              руль слева, 124 538 км"
Chevrolet Lacetti,$ 4 599,https://im.mashina.kg/tachka/images//7/3/3/733752022ff139f7ff62e62b98ec25a2_240x180.jpg,"2006 г., 1.6 л., механика                     универсал, бензин              руль слева, 170 000 км"
Chevrolet Spark,$ 3 302,https://im.mashina.kg/tachka/images//c/1/8/c183cb4a52c98f12b362d49e593beb98_240x180.jpg,"2006 г., 0.8 л., механика                     хэтчбек 5 дв., бензин              руль слева"
Chevrolet Lacetti,$ 3 900,https://im.mashina.kg/tachka/images//d/7/d/d7d1228e96e8958c232940eb5422862e_240x180.jpg,"2009 г., 1.6 л., механика                     хэтчбек 5 дв., бензин              руль слева, 110 000 км"
Chevrolet Captiva,$ 8 500,https://im.mashina.kg/tachka/images//0/5/6/0569ff4df4cf9ae0e669ebfe53c72055_240x180.jpg,"2007 г., 2 л., механика                     внедорожник 5 дв., дизель              руль слева, 217 000 км"
Chevrolet Spark,$ 3 538,https://im.mashina.kg/tachka/images//8/f/f/8ffc63454484c5ba5bac8c12a89940f3_240x180.jpg,"2005 г., 0.8 л., механика                     хэтчбек 5 дв., бензин              руль слева, 108 996 км"
Chevrolet Cruze,$ 6 000,https://im.mashina.kg/tachka/images//1/5/4/15456de29364017d5746df0bc764733e_240x180.jpg,"2012 г., 1.6 л., автомат                     седан, бензин              руль слева, 205 000 км"
Chevrolet Matiz,$ 3 538,https://im.mashina.kg/tachka/images//c/7/1/c713024684561e4e0150b4172649c41e_240x180.jpg,"2009 г., 0.8 л., механика                     хэтчбек/лифтбек, бензин              руль слева"
Chevrolet Captiva,$ 15 000,https://im.mashina.kg/tachka/images//8/e/b/8ebd6bbcf6a3f2157effb5010f343996_240x180.jpg,"2015 г., 2 л., автомат                     внедорожник 5 дв., дизель              руль слева, 109 000 км"
Chevrolet Lacetti,$ 4 000,https://im.mashina.kg/tachka/images//4/1/e/41ebdb75a7782f3e1e36e068464f4692_240x180.jpg,"2008 г., 1.6 л., механика                     седан, бензин              руль слева"
Chevrolet Spark,$ 6 800,https://im.mashina.kg/tachka/images//e/8/b/e8b969b6c54cc58df1e8fe63fddf51f5_240x180.jpg,"2015 г., 0.8 л., автомат                     хэтчбек 5 дв., бензин              руль слева"
Chevrolet Lacetti,$ 3 892,https://im.mashina.kg/tachka/images//b/f/f/bffe4fcdf2a6792fa4746b6056da040e_240x180.jpg,"2005 г., 1.8 л., автомат                     универсал, бензин              руль слева, 250 000 км"
Chevrolet Lacetti,$ 3 600,https://im.mashina.kg/tachka/images//d/3/1/d31441ffee14cc3a4859c11047c831d5_240x180.jpg,"2006 г., 1.6 л., автомат                     седан, бензин              руль слева"
Chevrolet Lanos,$ 1 533,https://im.mashina.kg/tachka/images//8/9/b/89bfb58697d11c447ce059e14311f3a4_240x180.jpg,"2006 г., 1.5 л., механика                     седан, бензин              руль слева"
Chevrolet Captiva,$ 7 500,https://im.mashina.kg/tachka/images//5/f/0/5f0adc2ade490816349c4ea22b8cc7c3_240x180.jpg,"2008 г., 3.2 л., автомат                     внедорожник 5 дв., бензин              руль слева"
Chevrolet Lacetti,$ 3 300,https://im.mashina.kg/tachka/images//0/9/6/0964d3f57c33fd057886df51b274bc3e_240x180.jpg,"2006 г., 1.6 л., механика                     седан, бензин              руль слева, 343 000 км"
Chevrolet Aveo,$ 4 100,https://im.mashina.kg/tachka/images//0/3/0/0307113b0d565dd3cb3731e21b41fa1a_240x180.jpg,"2010 г., 1.4 л., механика                     седан, бензин              руль слева, 150 000 км"
Chevrolet Spark,$ 7 000,https://im.mashina.kg/tachka/images//4/1/5/41536cca4b43411e1ae27bdb8a0de1fb_240x180.jpg,"2015 г., 1.2 л., автомат                     хэтчбек 5 дв., бензин              руль слева, 33 000 км"
Chevrolet Sonic,$ 6 500,https://im.mashina.kg/tachka/images//c/6/8/c683eca23cf2557cf8cc467a0a9f746f_240x180.jpg,"2015 г., 1.4 л., механика                     хэтчбек 5 дв., бензин              руль слева, 64 000 км"
Chevrolet Matiz,$ 4 100,https://im.mashina.kg/tachka/images//c/4/3/c436ad4ca17c067ffff8ae8187c20fd8_240x180.jpg,"2008 г., 1 л., механика                     хэтчбек/лифтбек, бензин              руль слева, 130 000 км"
Chevrolet Spark,$ 5 400,https://im.mashina.kg/tachka/images//6/2/d/62dfd15e151daa2d093d9af5771aed00_240x180.jpg,"2011 г., 1 л., механика                     хэтчбек 5 дв., бензин              руль слева, 140 000 км"
Chevrolet Lacetti,$ 3 538,https://im.mashina.kg/tachka/images//1/d/c/1dc8e7c250561827fea2ec071e179cfe_240x180.jpg,"2004 г., 1.8 л., механика                     хэтчбек 5 дв., бензин              руль слева, 35 700 км"
Chevrolet Orlando,$ 9 434,https://im.mashina.kg/tachka/images//e/f/3/ef3b12a107e61fcf2ef51ce37bb8d67a_240x180.jpg,"2012 г., 1.8 л., механика                     минивэн, бензин              руль слева, 151 250 км"
Chevrolet Epica,$ 6 300,https://im.mashina.kg/tachka/images//c/4/0/c407456a5438c55dab431a257e252ba4_240x180.jpg,"2012 г., 2 л., автомат                     седан, бензин              руль слева, 270 000 км"
Chevrolet Cruze,$ 4 953,https://im.mashina.kg/tachka/images//a/9/f/a9f28fc21c97d1ca1bcaaecbf8a1f3a2_240x180.jpg,"2011 г., 1.6 л., механика                     седан, бензин              руль слева, 340 000 км"
Chevrolet Tracker,$ 14 300,https://im.mashina.kg/tachka/images//0/f/7/0f71173533343b6e70c979e14eb3623a_240x180.jpg,"2019 г., 1.4 л., автомат                     внедорожник 5 дв., бензин              руль слева, 6 000 км"
Chevrolet Niva,$ 4 009,https://im.mashina.kg/tachka/images//1/e/f/1ef9d6186afcba6d381334d19104069c_240x180.jpg,"2009 г., 1.7 л., механика                     внедорожник 5 дв., бензин              руль слева, 180 000 км"
Chevrolet Spark,$ 5 660,https://im.mashina.kg/tachka/images//3/f/4/3f45aabb698660e81730be259525aa68_240x180.jpg,"2012 г., 1 л., автомат                     хэтчбек 5 дв., бензин              руль слева, 105 000 км"
Chevrolet Matiz,$ 3 538,https://im.mashina.kg/tachka/images//d/e/b/deb16d2903b1660296f14bd057e05ec4_240x180.jpg,"2005 г., 0.8 л., механика                     хэтчбек/лифтбек, бензин              руль слева"
Chevrolet Matiz,$ 3 420,https://im.mashina.kg/tachka/images//d/8/8/d88456750c9562a3b72eb17e8a02866a_240x180.jpg,"2008 г., 0.8 л., механика                     хэтчбек/лифтбек, бензин              руль слева, 220 000 км"
Chevrolet Aveo,$ 3 538,https://im.mashina.kg/tachka/images//1/6/8/168b78712224f953c778445ff7bb1359_240x180.jpg,"2007 г., 1.2 л., механика                     седан, бензин              руль слева, 223 000 км"
Chevrolet Lacetti,$ 3 420,https://im.mashina.kg/tachka/images//1/b/d/1bdfb4e03262c2bae83cd96ccff98058_240x180.jpg,"2005 г., 1.6 л., механика                     седан, бензин              руль слева"
Chevrolet Lacetti,$ 4 127,https://im.mashina.kg/tachka/images//d/a/0/da00320643d173c153f3b454e92b51f1_240x180.jpg,"2007 г., 1.6 л., механика                     хэтчбек 5 дв., бензин              руль слева, 190 000 км"
Chevrolet Matiz,$ 3 538,https://im.mashina.kg/tachka/images//c/e/b/ceb142a0a3c02c122ff1a029ea3d7411_240x180.jpg,"2007 г., 1 л., механика                     хэтчбек/лифтбек, бензин              руль слева, 131 000 км"
Chevrolet Aveo,$ 4 127,https://im.mashina.kg/tachka/images//a/a/c/aac251922ff517a5a8789f9147c4d013_240x180.jpg,"2008 г., 1.4 л., механика                     хэтчбек 5 дв., бензин              руль слева, 100 000 км"
Chevrolet Lacetti,$ 5 130,https://im.mashina.kg/tachka/images//3/2/7/3278482c8b0ede5e14c234b89b6d60b3_240x180.jpg,"2008 г., 1.8 л., автомат                     универсал, бензин              руль слева, 200 000 км"
Chevrolet Nubira,$ 5 130,https://im.mashina.kg/tachka/images//3/6/d/36d1334ff9b99cd1222d9d65fa9a64d9_240x180.jpg,"2004 г., 1.8 л., автомат                     универсал, бензин              руль слева, 200 000 км"
Chevrolet Camaro,$ 25 000,https://im.mashina.kg/tachka/images//5/c/9/5c92827fdde95ccfe28f169fc034f0a9_240x180.jpg,"2013 г., 3.6 л., автомат                     купе, бензин              руль слева, 100 000 км"
Chevrolet Lanos,$ 1 415,https://im.mashina.kg/tachka/images//4/3/f/43f35fe7abadab9f150d8f7c9dc57ec5_240x180.jpg,"2002 г., 1.5 л., механика                     седан, бензин              руль слева"
Chevrolet Spark,$ 3 538,https://im.mashina.kg/tachka/images//f/2/3/f2387d435370205feb4b1de22121faf9_240x180.jpg,"2006 г., 0.8 л., механика                     хэтчбек 5 дв., бензин              руль слева"
Chevrolet Spark,$ 5 778,https://im.mashina.kg/tachka/images//3/4/3/3433afeb768f8cb937207ca826d4c8e4_240x180.jpg,"2012 г., 1 л., автомат                     хэтчбек 5 дв., бензин              руль слева, 130 971 км"
Chevrolet Tahoe,$ 1 179,https://im.mashina.kg/tachka/images//9/6/f/96f81685eed640f6920050cdf4699c75_240x180.jpg,"1996 г., 5.7 л., механика                     внедорожник 3 дв., бензин              руль слева"
Chevrolet Matiz,$ 3 538,фото не было загружено,"2007 г., 0.8 л., механика                     хэтчбек/лифтбек, бензин              руль слева, 206 100 км"
Chevrolet Suburban,$ 25 000,https://im.mashina.kg/tachka/images//d/e/d/ded06755be82479705940afbdef0adea_240x180.jpg,"2009 г., 6 л., автомат                     внедорожник 5 дв., бензин              руль слева, 177 000 км"
Chevrolet Aveo,$ 4 000,https://im.mashina.kg/tachka/images//a/6/c/a6c49943bd35f084a961a309395e6b52_240x180.jpg,"2008 г., 1.4 л., механика                     хэтчбек 5 дв., бензин              руль слева, 162 000 км"
Chevrolet Lacetti,$ 4 363,https://im.mashina.kg/tachka/images//0/8/3/083993de9e4c6a5b4879be4ca7e99926_240x180.jpg,"2007 г., 1.6 л., автомат                     седан, бензин              руль слева, 260 000 км"
Chevrolet Niva,$ 3 538,https://im.mashina.kg/tachka/images//c/9/3/c9300c23f7308e707edb48fc8035fc3d_240x180.jpg,"2004 г., 1.7 л., механика                     внедорожник 5 дв., бензин              руль слева, 250 000 км"
Chevrolet Spark,$ 6 368,фото не было загружено,"2013 г., 1 л., автомат                     хэтчбек 5 дв., бензин              руль слева, 90 000 км"
Chevrolet Aveo,$ 3 892,https://im.mashina.kg/tachka/images//7/3/1/731c25f0c1efc2c9525ad5b5e7d02dd3_240x180.jpg,"2009 г., 1.2 л., механика                     хэтчбек 5 дв., бензин              руль слева, 236 500 км"
Chevrolet Malibu,$ 11 900,https://im.mashina.kg/tachka/images//b/4/f/b4fa56b73c417600f58b07bc7a9dca61_240x180.jpg,"2015 г., 1.5 л., автомат                     седан, бензин              руль слева, 197 949 км"
Chevrolet Epica,$ 7 000,https://im.mashina.kg/tachka/images//a/4/2/a425f02dd83b77048cd98f8f4ed8a70f_240x180.jpg,"2008 г., 2.5 л., автомат                     седан, бензин              руль слева, 118 000 км"
Chevrolet Cruze,$ 5 896,https://im.mashina.kg/tachka/images//1/a/e/1ae646d7954a0ce61338be950814eb54_240x180.jpg,"2012 г., 1.8 л., автомат                     седан, бензин              руль слева, 156 506 км"
Chevrolet Lacetti,$ 4 599,фото не было загружено,"2004 г., 1.6 л., механика                     седан, бензин              руль слева"
Chevrolet Spark,$ 5 660,https://im.mashina.kg/tachka/images//0/d/5/0d5452a4ef91e5032c97a1fc2cb03afb_240x180.jpg,"2012 г., 1 л., автомат                     хэтчбек 5 дв., бензин              руль слева, 114 265 км"
Chevrolet Epica,$ 5 700,https://im.mashina.kg/tachka/images//2/5/1/2511f7f94517ae3b323d3f1847274ec1_240x180.jpg,"2008 г., 2 л., автомат                     седан, бензин              руль слева, 320 000 км"
Chevrolet Lanos,$ 1 828,https://im.mashina.kg/tachka/images//d/b/1/db168ac045527c06208fcf698fa00094_240x180.jpg,"2008 г., 1.5 л., механика                     седан, бензин              руль слева, 335 900 км"
Chevrolet Niva,$ 4 100,https://im.mashina.kg/tachka/images//5/9/3/593eb591998808cd68fbd0bcc209339c_240x180.jpg,"2005 г., 1.7 л., механика                     внедорожник 5 дв., бензин              руль слева, 195 000 км"
Chevrolet Cruze,$ 5 660,https://im.mashina.kg/tachka/images//2/e/b/2eb5a6c211606c6bb87a4f942b76049c_240x180.jpg,"2010 г., 1.6 л., механика                     седан, бензин              руль слева, 250 000 км"
Chevrolet Lacetti,$ 3 774,https://im.mashina.kg/tachka/images//9/6/6/966ff954ce52ca064c23f638e919b402_240x180.jpg,"2008 г., 1.6 л., автомат                     седан, бензин              руль слева"
Chevrolet Lacetti,$ 3 538,https://im.mashina.kg/tachka/images//4/2/d/42d850ec2194858cf714370a878f3bfa_240x180.jpg,"2011 г., 1.6 л., механика                     хэтчбек 5 дв., бензин              руль слева, 288 000 км"
Chevrolet Spark,$ 7 000,https://im.mashina.kg/tachka/images//6/8/6/686236f24afaa51f93b35bcf7edbdcbd_240x180.jpg,"2016 г., 0.8 л., автомат                     хэтчбек 5 дв., бензин              руль слева, 145 000 км"
Chevrolet Suburban,$ 15 500,https://im.mashina.kg/tachka/images//1/e/b/1eb8a59909fb8af335dc99778e25e4f3_240x180.jpg,"2007 г., 5.3 л., автомат                     внедорожник 5 дв., бензин              руль слева, 140 000 км"
Chevrolet Cobalt,$ 5 000,https://im.mashina.kg/tachka/images//0/b/2/0b27c30550d3d05bc254f667e612d3aa_240x180.jpg,"2013 г., 1.5 л., механика                     седан, бензин              руль слева, 240 000 км"
Chevrolet Lacetti,$ 4 481,https://im.mashina.kg/tachka/images//a/a/e/aaee2689d60576ac7b69af75f0a904d9_240x180.jpg,"2007 г., 1.4 л., механика                     седан, бензин              руль слева, 327 960 км"
Chevrolet Spark,$ 5 700,https://im.mashina.kg/tachka/images//4/b/f/4bf30c523b373c44c70d70604b9affcf_240x180.jpg,"2011 г., 1 л., автомат                     хэтчбек 5 дв., бензин              руль слева, 77 000 км"
Chevrolet Lanos,$ 1 887,https://im.mashina.kg/tachka/images//8/4/2/84258be9ea36028b5ed51c645f1eba0c_240x180.jpg,"2009 г., 1.5 л., механика                     седан, бензин              руль слева, 212 081 км"
Chevrolet Kalos,$ 2 594,https://im.mashina.kg/tachka/images//f/7/a/f7a8caf7ebba51323fc2e0c8fdcafd52_240x180.jpg,"2006 г., 1.2 л., механика                     хэтчбек 5 дв., бензин              руль слева, 325 327 км"
Chevrolet Malibu,$ 16 200,https://im.mashina.kg/tachka/images//f/f/8/ff8fb4dacb497c2162f211f9ce784d7a_240x180.jpg,"2017 г., 2 л., автомат                     седан, бензин              руль слева, 57 000 км"
Chevrolet Spark,$ 3 600,https://im.mashina.kg/tachka/images//7/8/4/7847db292f9a97fe4f03d59681ebcba4_240x180.jpg,"2007 г., 0.8 л., механика                     хэтчбек 5 дв., бензин              руль слева, 134 000 км"
Chevrolet TrailBlazer,$ 7 600,https://im.mashina.kg/tachka/images//a/6/5/a65f8569c37638a557339144b1b964a1_240x180.jpg,"2004 г., 4.2 л., автомат                     внедорожник 5 дв., бензин              руль слева"
Chevrolet Lanos,$ 2 064,https://im.mashina.kg/tachka/images//8/0/b/80ba7f61ff0a002b0553f23228ccd9e0_240x180.jpg,"2008 г., 1.5 л., механика                     седан, бензин              руль слева"
Chevrolet Malibu,$ 9 670,https://im.mashina.kg/tachka/images//8/6/2/862a3095c7b276accc88a52db42bfb6d_240x180.jpg,"2015 г., 2 л., автомат                     седан, бензин              руль слева, 119 000 км"
Chevrolet Lacetti,$ 2 948,https://im.mashina.kg/tachka/images//0/f/d/0fddbd877c73661ca50c11c0a35e2677_240x180.jpg,"2011 г., 1.4 л., механика                     седан, бензин              руль слева, 200 000 км"
Chevrolet Camaro,$ 22 500,https://im.mashina.kg/tachka/images//e/e/f/eef13912562796907c4e41b0390f41dc_240x180.jpg,"2011 г., 3.6 л., автомат                     купе, бензин              руль слева, 172 000 км"
Chevrolet Epica,$ 5 500,https://im.mashina.kg/tachka/images//c/9/1/c91061db2eaa0e516fba5ccddf17a62d_240x180.jpg,"2007 г., 2.5 л., автомат                     седан, бензин              руль слева"
Chevrolet Matiz,$ 3 892,https://im.mashina.kg/tachka/images//a/3/9/a3968a89b6b51deabfd1abfa0884cb89_240x180.jpg,"2009 г., 0.8 л., механика                     хэтчбек/лифтбек, бензин              руль слева"
Chevrolet Suburban,$ 17 000,https://im.mashina.kg/tachka/images//1/6/4/16406446b78406cdb5a00041cfef54d1_240x180.jpg,"2010 г., 5.3 л., автомат                     внедорожник 5 дв., бензин              руль слева, 328 000 км"
Chevrolet Lanos,$ 1 415,https://im.mashina.kg/tachka/images//6/2/a/62a4fde0b1d10df17643e9dad6a0fdfa_240x180.jpg,"2005 г., 1.5 л., механика                     седан, бензин              руль слева"
Chevrolet TrailBlazer,$ 10 000,https://im.mashina.kg/tachka/images//3/c/e/3ce3ab2235a40c136c81171580dffe95_240x180.jpg,"2007 г., 4.2 л., автомат                     внедорожник 5 дв., бензин              руль слева, 150 000 км"
Chevrolet Spark,$ 5 012,https://im.mashina.kg/tachka/images//4/9/6/4965da7b21e9cfdb257700553720ee7e_240x180.jpg,"2011 г., 1 л., механика                     хэтчбек 5 дв., бензин              руль слева, 285 000 км"
Chevrolet Lacetti,$ 3 361,https://im.mashina.kg/tachka/images//e/a/e/eae37f3b09dc3983128c77a07d647c04_240x180.jpg,"2007 г., 1.6 л., механика                     седан, бензин              руль слева"
Chevrolet Aveo,$ 3 125,https://im.mashina.kg/tachka/images//1/7/7/1779b953d13788fc7f915202ba45b491_240x180.jpg,"2004 г., 1.4 л., механика                     седан, бензин              руль слева, 250 000 км"
Chevrolet Lacetti,$ 4 363,https://im.mashina.kg/tachka/images//e/d/e/edeb21779a65076c5b515a169ea01a13_240x180.jpg,"2012 г., 1.6 л., механика                     седан, бензин              руль слева, 150 000 км"
Chevrolet Blazer,$ 5 999,https://im.mashina.kg/tachka/images//b/6/1/b6182c5b3ad855d37bd9340c52cbf55a_240x180.jpg,"1997 г., 4.3 л., автомат                     внедорожник 5 дв., бензин              руль слева, 180 000 км"
Chevrolet Matiz,$ 3 656,https://im.mashina.kg/tachka/images//f/3/4/f3465b9d006dbae511f646fbc55d7fa7_240x180.jpg,"2009 г., 0.8 л., механика                     хэтчбек/лифтбек, бензин              руль слева, 276 000 км"
Chevrolet Aveo,$ 3 538,https://im.mashina.kg/tachka/images//c/9/9/c99addb7751a94bc84f214f382338596_240x180.jpg,"2010 г., 1.4 л., механика                     седан, бензин              руль слева, 235 000 км"
Chevrolet Nexia,$ 1 828,https://im.mashina.kg/tachka/images//b/d/2/bd20bf34052a16adf109ac14a7c47b74_240x180.jpg,"2020 г., 1.5 л., механика                     седан, бензин              руль слева, 140 000 км"
Chevrolet Matiz,$ 3 550,https://im.mashina.kg/tachka/images//2/6/4/2640946e4b38684249cb1bb8b651e449_240x180.jpg,"2008 г., 0.8 л., механика                     хэтчбек/лифтбек, бензин              руль слева, 166 000 км"
Chevrolet Camaro,$ 28 000,https://im.mashina.kg/tachka/images//e/d/a/eda0ca90dd5742762eeebd9856b604c9_240x180.jpg,"2014 г., 3.6 л., автомат                     купе, бензин              руль слева, 81 000 км"
Chevrolet Malibu,$ 14 000,https://im.mashina.kg/tachka/images//9/9/0/99085b12d0966a5dbf1cce90ce2b033f_240x180.jpg,"2016 г., 1.5 л., автомат                     седан, бензин              руль слева, 64 473 км"
Chevrolet Lacetti,$ 4 717,https://im.mashina.kg/tachka/images//7/4/4/744e57d709bb360ff4e7a4220deced60_240x180.jpg,"2011 г., 1.6 л., механика                     универсал, бензин              руль слева"
Chevrolet Lanos,$ 1 769,https://im.mashina.kg/tachka/images//6/e/1/6e164aeff382b5c1cb9eea78c04f705f_240x180.jpg,"2006 г., 1.5 л., механика                     седан, бензин              руль слева, 206 000 км"
Chevrolet Matiz,$ 3 333,https://im.mashina.kg/tachka/images//6/5/6/6564ded00a248a9f43c8abb5e097fccc_240x180.jpg,"2010 г., 0.8 л., механика                     хэтчбек/лифтбек, бензин              руль слева, 175 000 км"
Chevrolet Niva,$ 3 538,https://im.mashina.kg/tachka/images//e/9/4/e947796732a4534318119d989dc2fdd0_240x180.jpg,"2004 г., 1.7 л., механика                     внедорожник 5 дв., бензин              руль слева, 180 000 км"
Chevrolet Lacetti,$ 3 800,https://im.mashina.kg/tachka/images//5/d/6/5d6772796679452dccb0f5d0a3a7ee64_240x180.jpg,"2007 г., 1.6 л., автомат                     седан, бензин              руль слева"
Chevrolet Matiz,$ 3 302,https://im.mashina.kg/tachka/images//c/b/f/cbfbf34ae58128af0156011b8a926b00_240x180.jpg,"2006 г., 0.8 л., механика                     хэтчбек/лифтбек, бензин              руль слева, 240 116 км"
Chevrolet Lacetti,$ 4 009,фото не было загружено,"2004 г., 1.6 л., механика                     хэтчбек 5 дв., бензин              руль справа"
Chevrolet Lacetti,$ 4 127,https://im.mashina.kg/tachka/images//1/e/c/1ecdab684a5d438c18706b953ff67034_240x180.jpg,"2010 г., 1.6 л., механика                     седан, бензин              руль слева, 15 900 км"
Chevrolet Lacetti,$ 4 245,https://im.mashina.kg/tachka/images//6/d/d/6ddbffdbfb4baa54aff6a23efe03f773_240x180.jpg,"2005 г., 1.8 л., механика                     седан, бензин              руль слева"
Chevrolet Lacetti,$ 4 245,https://im.mashina.kg/tachka/images//7/3/d/73d8c637295e5c7914f363f3555b9fa8_240x180.jpg,"2008 г., 1.6 л., автомат                     хэтчбек 5 дв., бензин              руль слева"
Chevrolet Spark,$ 6 000,https://im.mashina.kg/tachka/images//c/9/5/c95718690cd8fd0c46b280c8917c4305_240x180.jpg,"2015 г., 0.8 л., автомат                     хэтчбек 5 дв., бензин              руль слева, 100 000 км"
Chevrolet Lacetti,$ 3 420,https://im.mashina.kg/tachka/images//3/4/c/34cd4f7730525181d5ba225327413a23_240x180.jpg,"2008 г., 1.4 л., механика                     седан, бензин              руль слева"
Chevrolet Matiz,$ 3 361,https://im.mashina.kg/tachka/images//4/9/2/4929c39cf36296760199c498ee533880_240x180.jpg,"2005 г., 0.8 л., механика                     хэтчбек/лифтбек, бензин              руль слева"
Chevrolet Niva,$ 4 717,https://im.mashina.kg/tachka/images//6/8/f/68ff5b5a1774131e0eb875085a034636_240x180.jpg,"2010 г., 1.7 л., механика                     внедорожник 5 дв., бензин              руль слева, 194 388 км"
Chevrolet Lacetti,$ 5 071,https://im.mashina.kg/tachka/images//4/e/2/4e252eb158326ba610b7412d264cde46_240x180.jpg,"2012 г., 1.4 л., механика                     седан, бензин              руль слева, 200 000 км"
Chevrolet Matiz,$ 2 712,https://im.mashina.kg/tachka/images//8/7/7/877baeb06c0b5d97654bf94825a19edb_240x180.jpg,"2007 г., 1 л., механика                     хэтчбек/лифтбек, бензин              руль слева, 300 000 км"
Chevrolet Lacetti,$ 4 245,https://im.mashina.kg/tachka/images//3/f/e/3fee6b63635dee156240a666e0f84900_240x180.jpg,"2011 г., 1.4 л., механика                     хэтчбек 5 дв., бензин              руль слева, 120 000 км"
Chevrolet Matiz,$ 3 420,https://im.mashina.kg/tachka/images//0/5/0/0503b4b2bf83dc3f6caab277351844bf_240x180.jpg,"2008 г., 1 л., механика                     хэтчбек/лифтбек, бензин              руль слева, 165 000 км"
Chevrolet Niva,$ 2 005,https://im.mashina.kg/tachka/images//7/e/6/7e6b66e15f709dc8ecf67dda8fecd614_240x180.jpg,"2003 г., 1.7 л., механика                     внедорожник 5 дв., бензин              руль слева"
Chevrolet Matiz,$ 3 361,https://im.mashina.kg/tachka/images//f/2/4/f249945844bf0cccd4a9db14ff9f5d30_240x180.jpg,"2007 г., 0.8 л., механика                     хэтчбек/лифтбек, бензин              руль слева"
Chevrolet Lanos,$ 1 887,https://im.mashina.kg/tachka/images//3/7/7/377569bc18a5b918021fcb35902d42de_240x180.jpg,"2007 г., 1.5 л., механика                     седан, бензин              руль слева, 230 000 км"
Chevrolet Aveo,$ 4 953,фото не было загружено,"2012 г., 1.6 л., механика                     седан, бензин              руль слева"
Chevrolet Matiz,$ 4 340,https://im.mashina.kg/tachka/images//9/b/3/9b363a85639cbaf8e9b4a997ffc9a63d_240x180.jpg,"2008 г., 1 л., механика                     хэтчбек/лифтбек, бензин              руль слева, 190 000 км"
Chevrolet Spark,$ 3 420,https://im.mashina.kg/tachka/images//9/4/d/94d9ba6e85303f789233625d53df83fd_240x180.jpg,"2005 г., 0.8 л., механика                     хэтчбек 5 дв., бензин              руль слева"
Chevrolet Spark,$ 8 000,https://im.mashina.kg/tachka/images//5/6/5/565e6cfcfa462362fadd637550add4d1_240x180.jpg,"2018 г., 0.8 л., автомат                     хэтчбек 5 дв., бензин              руль слева, 100 000 км"
Chevrolet Lacetti,$ 4 127,https://im.mashina.kg/tachka/images//f/9/6/f968cdf14d2300ebb1763bfb1e798f14_240x180.jpg,"2006 г., 1.6 л., механика                     седан, бензин              руль слева, 150 000 км"
Chevrolet Cobalt,$ 5 307,https://im.mashina.kg/tachka/images//7/9/e/79ef70fe0a98c52aab025b3bdb43898e_240x180.jpg,"2013 г., 1.5 л., механика                     седан, бензин              руль слева, 127 501 км"
Chevrolet Aveo,$ 3 420,https://im.mashina.kg/tachka/images//6/5/3/6538926ec59091beaf795aa6d2c6d54c_240x180.jpg,"2004 г., 1.4 л., механика                     хэтчбек 5 дв., бензин              руль слева, 211 000 км"
Chevrolet Lanos,$ 2 712,https://im.mashina.kg/tachka/images//3/3/a/33a438ece754c78e5a309bdb3c4a28f1_240x180.jpg,"2008 г., 1.5 л., механика                     седан, бензин              руль слева, 112 000 км"
Chevrolet Matiz,$ 3 538,https://im.mashina.kg/tachka/images//2/a/0/2a038aca74cbb059c17eaebad3c0439d_240x180.jpg,"2008 г., 0.8 л., механика                     хэтчбек/лифтбек, бензин              руль слева, 177 383 км"
Chevrolet Spark,$ 5 896,https://im.mashina.kg/tachka/images//8/b/e/8bef1baff8a769d30136340b66385774_240x180.jpg,"2012 г., 1 л., автомат                     хэтчбек 5 дв., бензин              руль слева, 220 000 км"
Chevrolet Cruze,$ 5 896,https://im.mashina.kg/tachka/images//b/4/5/b450c063636143f04b2a26c0713555fc_240x180.jpg,"2009 г., 1.6 л., автомат                     седан, бензин              руль слева"
Chevrolet Spark,$ 6 500,https://im.mashina.kg/tachka/images//c/5/2/c5265ce303ba915415f9021b8c9e03f7_240x180.jpg,"2015 г., 0.8 л., автомат                     хэтчбек 5 дв., бензин              руль слева, 115 200 км"
Chevrolet Lacetti,$ 3 538,https://im.mashina.kg/tachka/images//8/8/c/88c853b49c6398b8d4c8fc85072f7981_240x180.jpg,"2012 г., 1.4 л., механика                     седан, бензин              руль слева, 300 000 км"
Chevrolet Traverse,$ 24 200,https://im.mashina.kg/tachka/images//e/3/1/e3161bec25c6b2b4497570a14fc06bd0_240x180.jpg,"2020 г., 3.6 л., автомат                     внедорожник 5 дв., бензин              руль слева, 12 800 км"
Chevrolet Matiz,$ 2 241,https://im.mashina.kg/tachka/images//e/b/2/eb240631b654a60a4aa1f3df7ed91747_240x180.jpg,"2007 г., 0.8 л., механика                     хэтчбек/лифтбек, бензин              руль слева, 221 638 км"
Chevrolet Matiz,$ 3 774,фото не было загружено,"2006 г., 1 л., механика                     хэтчбек/лифтбек, бензин              руль слева, 136 000 км"
Chevrolet Spark,$ 3 200,https://im.mashina.kg/tachka/images//5/5/0/550f6a4b30317fe8f62d03c5a1d2c159_240x180.jpg,"2006 г., 0.8 л., механика                     хэтчбек 5 дв., бензин              руль слева"
Chevrolet Matiz,$ 2 948,https://im.mashina.kg/tachka/images//4/9/3/4931fe7a4ada43533d04946f55191995_240x180.jpg,"2009 г., 0.8 л., механика                     хэтчбек/лифтбек, бензин              руль слева"
Chevrolet Lacetti,$ 3 420,https://im.mashina.kg/tachka/images//a/0/7/a072d69e494eebac27366aefd85bf8f4_240x180.jpg,"2007 г., 1.6 л., механика                     седан, бензин              руль слева, 250 000 км"
Chevrolet Matiz,$ 3 066,https://im.mashina.kg/tachka/images//8/4/c/84c5523138e6a5241d6bd579cb0b1cc4_240x180.jpg,"2006 г., 0.8 л., механика                     хэтчбек/лифтбек, бензин              руль слева"
Chevrolet Matiz,$ 3 302,https://im.mashina.kg/tachka/images//0/a/a/0aae1712247d5e4042745bec5be3233a_240x180.jpg,"2005 г., 0.8 л., механика                     хэтчбек/лифтбек, бензин              руль слева, 300 000 км"
Chevrolet Aveo,$ 3 800,https://im.mashina.kg/tachka/images//c/c/6/cc62d2f9f0290f7c6da9e0ead093bf3f_240x180.jpg,"2007 г., 1.4 л., механика                     седан, бензин              руль слева, 200 000 км"
Chevrolet Lacetti,$ 4 363,https://im.mashina.kg/tachka/images//0/3/e/03efc278f03f7afb5b2c9afaa60aae8e_240x180.jpg,"2011 г., 1.6 л., механика                     универсал, бензин              руль слева"
Chevrolet Cruze (HR),$ 3 600,https://im.mashina.kg/tachka/images//d/d/8/dd8073bde505088c1cff836acd184b06_240x180.jpg,"2002 г., 1.3 л., автомат                     хэтчбек 5 дв., бензин              руль справа, 217 609 км"
Chevrolet Spark,$ 3 302,https://im.mashina.kg/tachka/images//e/5/8/e587b55e1a264d90fc2941f544604a57_240x180.jpg,"2006 г., 1 л., механика                     хэтчбек 5 дв., бензин              руль слева"
Chevrolet Spark,$ 7 200,https://im.mashina.kg/tachka/images//6/4/1/6414aae05af4ef7f0ff417ba5e70ac82_240x180.jpg,"2014 г., 1 л., автомат                     хэтчбек 5 дв., бензин              руль слева, 145 000 км"
Chevrolet Spark,$ 3 184,https://im.mashina.kg/tachka/images//4/8/6/486c6a9b81daf1326ab66b02c56532da_240x180.jpg,"2009 г., 1 л., механика                     хэтчбек 5 дв., бензин              руль слева, 82 828 км"
Chevrolet Epica,$ 4 481,https://im.mashina.kg/tachka/images//9/e/7/9e7e4be1e0f31153bce25c780982dbba_240x180.jpg,"2010 г., 2 л., автомат                     седан, бензин              руль слева, 200 000 км"
Chevrolet Lanos,$ 1 533,https://im.mashina.kg/tachka/images//0/8/5/08522c8565eba6575c4e79cee840cedf_240x180.jpg,"2007 г., 1.5 л., механика                     седан, бензин              руль слева"
Chevrolet Captiva,$ 7 075,https://im.mashina.kg/tachka/images//2/1/4/2140f35efe0205552103bab35b49510d_240x180.jpg,"2007 г., 2.4 л., автомат                     внедорожник 5 дв., бензин              руль слева, 222 000 км"
Chevrolet Lacetti,$ 3 302,фото не было загружено,"2005 г., 1.6 л., механика                     седан, бензин              руль слева, 270 621 км"
Chevrolet Lacetti,$ 4 127,https://im.mashina.kg/tachka/images//b/f/0/bf075a40a6000970bb0e6c8b1b26d5a1_240x180.jpg,"2012 г., 1.4 л., механика                     седан, бензин              руль слева, 260 000 км"
Chevrolet Aveo,$ 2 948,https://im.mashina.kg/tachka/images//9/8/d/98d775237b4e583f06127ff3d7c431c8_240x180.jpg,"2004 г., 1.4 л., механика                     седан, бензин              руль слева"
Chevrolet Lacetti,$ 3 774,https://im.mashina.kg/tachka/images//4/a/9/4a9383d62715b34c411cf726f94f0ef9_240x180.jpg,"2005 г., 1.4 л., механика                     седан, бензин              руль слева, 210 000 км"
Chevrolet Camaro,$ 20 500,https://im.mashina.kg/tachka/images//f/e/8/fe89ef0b604328512dc598aa6381ee7f_240x180.jpg,"2010 г., 3.6 л., автомат                     купе, бензин              руль слева, 164 000 км"
Chevrolet Matiz,$ 3 500,https://im.mashina.kg/tachka/images//6/6/5/665166c49525777036c10ba17f297330_240x180.jpg,"2007 г., 0.8 л., механика                     хэтчбек/лифтбек, бензин              руль слева, 112 000 км"
Chevrolet Lacetti,$ 3 184,https://im.mashina.kg/tachka/images//3/8/0/3809667a2f91d769a99c702e8f87f59d_240x180.jpg,"2004 г., 1.6 л., механика                     седан, бензин              руль слева, 270 000 км"
Chevrolet Spark,$ 5 000,фото не было загружено,"2005 г., 0.8 л., автомат                     хэтчбек 5 дв., бензин              руль слева, 150 000 км"
Chevrolet Cruze,$ 5 660,https://im.mashina.kg/tachka/images//2/3/c/23c29b1eb6a67b9fff30b7b24f06811f_240x180.jpg,"2011 г., 1.6 л., механика                     седан, бензин              руль слева, 230 000 км"
Chevrolet Lanos,$ 2 064,фото не было загружено,"2008 г., 1.5 л., механика                     седан, бензин              руль слева, 114 600 км"
Chevrolet Matiz,$ 2 948,https://im.mashina.kg/tachka/images//c/6/e/c6eb7ffb2ca690dd519a9dc384c48c2a_240x180.jpg,"2009 г., 0.8 л., механика                     хэтчбек/лифтбек, бензин              руль слева, 138 000 км"
Chevrolet Cruze,$ 8 491,https://im.mashina.kg/tachka/images//c/0/c/c0cf5840d1c919c2a985bd6e58a1ca06_240x180.jpg,"2011 г., 1.8 л., механика                     седан, бензин              руль слева"
Chevrolet Lacetti,$ 3 774,https://im.mashina.kg/tachka/images//9/4/5/945ceebd54657c97a8bd97b2c429c595_240x180.jpg,"2007 г., 1.4 л., механика                     седан, бензин              руль слева"
Chevrolet Matiz,$ 3 066,https://im.mashina.kg/tachka/images//3/8/9/38983ed3b9af474a46fcecf1a4457a26_240x180.jpg,"2009 г., 0.8 л., механика                     хэтчбек/лифтбек, бензин              руль слева"
Chevrolet Spark,$ 3 892,https://im.mashina.kg/tachka/images//8/a/9/8a945ae0537a4534dc4b1d97c968bfa4_240x180.jpg,"2008 г., 0.8 л., механика                     хэтчбек 5 дв., бензин              руль слева, 85 000 км"
Chevrolet Niva,$ 3 538,https://im.mashina.kg/tachka/images//0/f/1/0f1717cf554b910b375090e75330ca89_240x180.jpg,"2008 г., 1.7 л., механика                     внедорожник 5 дв., бензин              руль слева, 150 000 км"
Chevrolet Lacetti,$ 2 594,https://im.mashina.kg/tachka/images//1/d/b/1dbbb9b06ac3c17ef64f578ef53c1b9e_240x180.jpg,"2007 г., 1.6 л., механика                     седан, бензин              руль слева, 160 000 км"
Chevrolet Spark,$ 6 486,https://im.mashina.kg/tachka/images//4/6/7/46762c7964cfdbb8f1a3cc1da4c43692_240x180.jpg,"2011 г., 1 л., автомат                     хэтчбек 5 дв., бензин              руль справа, 97 136 км"
Chevrolet Lacetti,$ 2 594,https://im.mashina.kg/tachka/images//d/a/a/daace5ed9d757e9537e2f8fda11336cb_240x180.jpg,"2005 г., 1.6 л., механика                     седан, бензин              руль слева, 295 006 км"
Chevrolet Spark,$ 5 896,https://im.mashina.kg/tachka/images//8/6/0/8607785b10f8fd2f581565b6591fdbc2_240x180.jpg,"2012 г., 1 л., автомат                     хэтчбек 5 дв., бензин              руль слева, 113 000 км"
Chevrolet Lanos,$ 2 182,https://im.mashina.kg/tachka/images//f/f/3/ff3792323339ba6bc789f0f9441cd332_240x180.jpg,"2007 г., 1.5 л., механика                     седан, бензин              руль слева"
Chevrolet Cruze,$ 6 000,https://im.mashina.kg/tachka/images//8/8/a/88ac6205172cf282fd80e0e657d349e0_240x180.jpg,"2009 г., 2 л., механика                     седан, дизель              руль слева, 180 000 км"
Chevrolet Matiz,$ 3 302,https://im.mashina.kg/tachka/images//3/b/7/3b7cf748da4167d27410ca5b861f0734_240x180.jpg,"2008 г., 1 л., механика                     хэтчбек/лифтбек, бензин              руль слева, 178 000 км"
Chevrolet Spark,$ 5 660,https://im.mashina.kg/tachka/images//1/1/7/117d1a8fbe5a9f081bc9e1740d4feb3c_240x180.jpg,"2011 г., 1 л., автомат                     хэтчбек 5 дв., бензин              руль слева, 120 000 км"
Chevrolet Spark,$ 3 066,фото не было загружено,"2008 г., 0.8 л., механика                     хэтчбек 5 дв., бензин              руль слева, 141 508 км"
Chevrolet Spark,$ 3 538,https://im.mashina.kg/tachka/images//4/c/e/4cea9c5dc38024cd5c05cca88bad0631_240x180.jpg,"2006 г., 1 л., механика                     хэтчбек 5 дв., бензин              руль слева, 180 000 км"
